"Blue Buffalo True Solutions Dog Food","Animals & Pet Supplies","Pet Supplies",244.02379
"Royal Canin kitten food 6.8 kg and select Purina Pro Plan cat food 2.2-3.1 kg","Animals & Pet Supplies","Pet Supplies",240.38382
"Blue Buffalo True Solutions Cat Food","Animals & Pet Supplies","Pet Supplies",232.89453
"Science Diet cat food, 1.3-1.8kg and Royal Canin kitten food, 3.1kg","Animals & Pet Supplies","Pet Supplies",232.7551
"Blue Buffalo True Solutions Canned Cat Food","Animals & Pet Supplies","Pet Supplies",232.26494
"PURINA Friskies Cat Food 7.26kg - 7.5kg","Animals & Pet Supplies","Pet Supplies",227.5046
"Cesar® Dog Food","Animals & Pet Supplies","Pet Supplies",217.6419
"Blue Buffalo True Solutions Canned Dog Food","Animals & Pet Supplies","Pet Supplies",213.68497
"Iams®, WHISKAS® cat food","Animals & Pet Supplies","Pet Supplies",209.87003
"PC NUTRITION FIRST DRY CAT FOOD","Animals & Pet Supplies","Pet Supplies",208.95592
"Purina® ONE® Beyond® cat food","Animals & Pet Supplies","Pet Supplies",207.97432
"PC EXTRA MEATY (624g) or NUTRITION FIRST (374g) WET DOG FOOD","Animals & Pet Supplies","Pet Supplies",205.16019
"IAMS®, Pedigree® and Beyond dog food","Animals & Pet Supplies","Pet Supplies",205.13979
"Purina® Pro Plan® Dog Food","Animals & Pet Supplies","Pet Supplies",203.40988
"Iams Dog Food 13.2kg -18.14kg","Animals & Pet Supplies","Pet Supplies",200.28876
"Fancy Feast® Cat Food","Animals & Pet Supplies","Pet Supplies",199.38623
"Iams Selected Dog, Puppy and Cat Food","Animals & Pet Supplies","Pet Supplies",196.09784
"GO! SOLUTIONS Cat Food","Animals & Pet Supplies","Pet Supplies",193.58693
"Purina® Pro Plan® dog food","Animals & Pet Supplies","Pet Supplies",193.362
"NULO, Simply Nourish®, Wellness® and Halo® cat food","Animals & Pet Supplies","Pet Supplies",192.53348
"PURINA Selected Dog Food and Treats","Animals & Pet Supplies","Pet Supplies",191.52045
"Nutro™ Natural Choice® Dog Food","Animals & Pet Supplies","Pet Supplies",189.54842
"PURINA PET FOOD","Animals & Pet Supplies","Pet Supplies",187.70537
"BLUE Wilderness® and BLUE Life Protection Formula® cat food","Animals & Pet Supplies","Pet Supplies",187.39484
"ORIJEN Dog Food","Animals & Pet Supplies","Pet Supplies",186.84914
"Simply Nourish® Limited Ingredient Diet and Source dog food","Animals & Pet Supplies","Pet Supplies",183.86244
"Natural Balance® and Halo® 6 for $10 cat food","Animals & Pet Supplies","Pet Supplies",182.29161
"SCIENCE DIET dog food","Animals & Pet Supplies","Pet Supplies",181.7224
"NOW FRESH Dog Food","Animals & Pet Supplies","Pet Supplies",181.63846
"Natural Balance® , Nutrience® Infusion, Grain Free and Original dog food","Animals & Pet Supplies","Pet Supplies",181.56252
"Blue Buffalo Dry Cat Food","Animals & Pet Supplies","Pet Supplies",180.78554
"Eukanuba Dog Food 13.6kg -14.96kg","Animals & Pet Supplies","Pet Supplies",180.73987
"Primal Freeze-Dried Nuggets Cat Food","Animals & Pet Supplies","Pet Supplies",180.72623
"Iams®, Catit® cat food","Animals & Pet Supplies","Pet Supplies",180.40906
"Authority® cat food","Animals & Pet Supplies","Pet Supplies",180.1311
"Friskies Dry Cat Food","Animals & Pet Supplies","Pet Supplies",179.25098
"Friskies Wet Cat Food","Animals & Pet Supplies","Pet Supplies",179.25098
"Fancy Feast Wet Cat Food","Animals & Pet Supplies","Pet Supplies",179.22818
"Blue Buffalo Dry Kitten Food","Animals & Pet Supplies","Pet Supplies",179.22818
"Friskies Pate Wet Cat Food","Animals & Pet Supplies","Pet Supplies",179.22818
"Fancy Feast Broths Wet Cat Food","Animals & Pet Supplies","Pet Supplies",179.20674
"Friskies Lil' Soups Wet Cat Food","Animals & Pet Supplies","Pet Supplies",179.20674
"Arm & Hammer Kitty Litter 6.4kg box or Whiskas Cat Food 2 kg pkg or Purina ONE Dog Food 1.81 kg pkg","Animals & Pet Supplies","Pet Supplies",179.11905
"Wellness® CORE® and Core Raw Rev dog food","Animals & Pet Supplies","Pet Supplies",178.46397
"BLUE BUFFALO Wet Cat Food or Dog Food 90-99 g","Animals & Pet Supplies","Pet Supplies",178.2508
"Blue Buffalo Dry Dog Food","Animals & Pet Supplies","Pet Supplies",178.173
"Blue Buffalo Dry Puppy Food","Animals & Pet Supplies","Pet Supplies",178.173
"Lovibles Cat Food","Animals & Pet Supplies","Pet Supplies",177.40791
"select BLUE™, Natural Balance® and Instinct® cat food","Animals & Pet Supplies","Pet Supplies",177.37013
"Purina® Pro Plan® cat food","Animals & Pet Supplies","Pet Supplies",176.72214
"BLUE Life Protection Formula® Dog Food","Animals & Pet Supplies","Pet Supplies",176.2009
"PureBites® RAW freeze dried dog food or topper","Animals & Pet Supplies","Pet Supplies",176.15572
"Merrick®, Nulo, CANIDAE® Dog Food","Animals & Pet Supplies","Pet Supplies",175.51266
"OPEN FARM Dog or Cat Food","Animals & Pet Supplies","Pet Supplies",175.26541
"Primal Freeze-Dried Nuggets Dog Food","Animals & Pet Supplies","Pet Supplies",174.61368
"food and treats","Animals & Pet Supplies","Pet Supplies",173.99838
"Halo® Dog Food","Animals & Pet Supplies","Pet Supplies",172.842
"Authority® Dog Food","Animals & Pet Supplies","Pet Supplies",171.98714
"Harvest Goodness Dog Food 18kg","Animals & Pet Supplies","Pet Supplies",170.19438
"Authority® cat food","Animals & Pet Supplies","Pet Supplies",169.27998
"DR. ELSEY'S® cat food","Animals & Pet Supplies","Pet Supplies",168.6805
"Pro Plan Chicken & Rice Cat Food 7.25kg","Animals & Pet Supplies","Pet Supplies",167.15164
"Harvest Goodness Cat Food 18kg","Animals & Pet Supplies","Pet Supplies",166.56796
"Merrick® and Instinct®, cat food","Animals & Pet Supplies","Pet Supplies",163.59671
"PureBites cat food","Animals & Pet Supplies","Pet Supplies",162.89915
"Nutrience Care cat food","Animals & Pet Supplies","Pet Supplies",162.87349
"Only Natural Pet® dog food","Animals & Pet Supplies","Pet Supplies",162.47707
"Nutrience® Subzero™ and Halo® dog food","Animals & Pet Supplies","Pet Supplies",162.45432
"True Solutions cat food","Animals & Pet Supplies","Pet Supplies",154.19522
"Nood Dry Cat Food","Animals & Pet Supplies","Pet Supplies",154.19522
"Nu-Way Cat Food 16kg","Animals & Pet Supplies","Pet Supplies",154.19522
"Meow Mix Original Cat Food","Animals & Pet Supplies","Pet Supplies",154.17242
"Royal Canin Cat Food 2.72kg-5.89kg","Animals & Pet Supplies","Pet Supplies",154.17242
"Pro Plan Cat Food 2.49kg-3.17kg","Animals & Pet Supplies","Pet Supplies",154.17242
"WHISKAS® PERFECT PORTIONS™ Wet Cat Food","Animals & Pet Supplies","Pet Supplies",154.151
"WHISKAS® MEATY SELECTIONS™ Dry Cat Food","Animals & Pet Supplies","Pet Supplies",154.151
"Meow Mix Cat Food Variety Pack","Animals & Pet Supplies","Pet Supplies",154.151
"WHISKAS® PERFECT PORTIONS™ Wet Cat Food","Animals & Pet Supplies","Pet Supplies",154.151
"Whiskas Selected Cat and Dog Food","Animals & Pet Supplies","Pet Supplies",154.151
"Meow Mix Tasty Layers Dry Cat Food","Animals & Pet Supplies","Pet Supplies",154.1308
"Kitten Chow Advanced Nutrition Dry Kitten Food","Animals & Pet Supplies","Pet Supplies",154.1308
"Purina One Cat Food 1.8kg-7.2kg","Animals & Pet Supplies","Pet Supplies",154.1308
"Nutrience Orginal, Grain Free and Infusion cat food","Animals & Pet Supplies","Pet Supplies",154.11176
"WHISKAS Perfect Portions or Wet Cat Food 75-100 g","Animals & Pet Supplies","Pet Supplies",154.09373
"WHISKAS SINGLES (100g) or PERFECT PORTIONS (75g) WET CAT FOOD","Animals & Pet Supplies","Pet Supplies",154.07668
"PC® NUTRITION FIRST® DRY CAT FOOD, 7 kg","Animals & Pet Supplies","Pet Supplies",153.4537
"WHISKAS DRY CAT FOOD, 1.5/2 kg","Animals & Pet Supplies","Pet Supplies",153.4537
"PC® NUTRITION FIRST® DRY CAT FOOD, 4 kg","Animals & Pet Supplies","Pet Supplies",153.4537
"Friskies Party Mix","Animals & Pet Supplies","Pet Supplies",153.4537
"IAMS Proactive Health Dog Food","Animals & Pet Supplies","Pet Supplies",153.44125
"food and treats","Animals & Pet Supplies","Pet Supplies",153.16437
"Instinct® dog food","Animals & Pet Supplies","Pet Supplies",153.16437
"BENEFUL DOG FOOD","Animals & Pet Supplies","Pet Supplies",153.16437
"BENEFUL DOG FOOD","Animals & Pet Supplies","Pet Supplies",153.16437
"Nood Dry Dog Food","Animals & Pet Supplies","Pet Supplies",153.14008
"NUTRO™ Wet Dog Food","Animals & Pet Supplies","Pet Supplies",153.14008
"Nature's Recipe Wet Dog Food","Animals & Pet Supplies","Pet Supplies",153.11728
"HI-PRO Nu-Way Dog Food 16kg","Animals & Pet Supplies","Pet Supplies",153.11728
"Pro Plan Dog Food 13.6kg-17kg","Animals & Pet Supplies","Pet Supplies",153.11728
"Royal Canin Dog Food 13.61kg-15.87kg","Animals & Pet Supplies","Pet Supplies",153.11728
"NUTRO™ WHOLESOME ESSENTIALS™ Dry Dog Food","Animals & Pet Supplies","Pet Supplies",153.09584
"Nature's Recipe Whole Grain Dog Food","Animals & Pet Supplies","Pet Supplies",153.09584
"Selected Purina Dog, Puppy and Cat Food","Animals & Pet Supplies","Pet Supplies",153.07565
"Purina One Dog Food 12.4kg-14kg","Animals & Pet Supplies","Pet Supplies",153.07565
"Wildology Cans of Dog & Cat Food","Animals & Pet Supplies","Pet Supplies",153.07565
"Purina Alpo Cookout Classics Dog Food 16Kg","Animals & Pet Supplies","Pet Supplies",153.07565
"PURINA Beneful Dog Food 7 kg","Animals & Pet Supplies","Pet Supplies",153.07565
"PC NUTRITRION FIRST DRY DOG FOOD","Animals & Pet Supplies","Pet Supplies",153.03857
"Ol' Roy Complete Nutrition or Meaty Chunks Dog Food","Animals & Pet Supplies","Pet Supplies",153.03857
"Instinct® Limited Ingredient & Original 1.8 kg and Castor & Pollux 8.1 kg dog food","Animals & Pet Supplies","Pet Supplies",152.94827
"Wildology Bags of Dog & Cat Food","Animals & Pet Supplies","Pet Supplies",152.93564
"PC® NUTRITION FIRST® DRY DOG FOOD, 2 kg","Animals & Pet Supplies","Pet Supplies",152.39854
"ALPO COOKOUT CLASSICS DOG FOOD, 16 KG","Animals & Pet Supplies","Pet Supplies",152.39854
"PC® NUTRITION FIRST® WET DOG FOOD, 354-374 g","Animals & Pet Supplies","Pet Supplies",152.39854
"PC® NUTRITION FIRST® DRY DOG FOOD, 7 kg","Animals & Pet Supplies","Pet Supplies",152.39854
"PC® NUTRITION FIRST® DRY DOG FOOD, 14 kg","Animals & Pet Supplies","Pet Supplies",152.39854
"ALPO COOKOUT CLASSICS DOG FOOD, 16 kg","Animals & Pet Supplies","Pet Supplies",152.39854
"BENEFUL DOG FOOD, 1.6/1.8 kg","Animals & Pet Supplies","Pet Supplies",152.39854
"Kibbles 'n Bits 5.5-6 kg","Animals & Pet Supplies","Pet Supplies",152.39854
"BENEFUL DOG FOOD, 1.6/1.8 kg","Animals & Pet Supplies","Pet Supplies",152.39854
"Blue Buffalo Bursts Cat Treats","Animals & Pet Supplies","Pet Supplies",126.799385
"Chosen Foods Avocado Oil Pure","Food, Beverages & Tobacco","Food Items",125.211365
" OOSE WELLNESS CH OSE Danielle's Pick","Animals & Pet Supplies","Pet Supplies",107.68329
" 98/e '/ea $1 3.50 FV FOODS Reg. PANDESAL FV FOODS Pandesal Philippine Bun EVtmutzam","Food, Beverages & Tobacco","Food Items",103.80953
"M&M FOOD MARKET Barbecue or Buffalo Chicken Wings","Food, Beverages & Tobacco","Food Items",102.38182
" Save K Food Assorted Fried Fish Balls/ Fish Paste Balls/Fried Fish Balls 454g $1 K Food 1E/IE HBALI HBAL shBanz $3.98 EA Reg. 4.99","Food, Beverages & Tobacco","Food Items",100.12118
"M&M FOOD MARKET Lasagna, Chicken Lasagna, Cabbage Rolls or Shepherd's Pie","Food, Beverages & Tobacco","Food Items",97.34659
" AG Food Plain Paratha 30pcs Reg: $7.99 G IN ou EiG PARATHA PLAIN PARATHA 30 30 SavEBS $202 $597 ea","Food, Beverages & Tobacco","Food Items",95.848236
"Select Omega Fish Food","Animals & Pet Supplies","Pet Supplies",93.00258
"Mazuri Small Animal Food","Animals & Pet Supplies","Pet Supplies",93.00258
"Health Diet Bird Food","Animals & Pet Supplies","Pet Supplies",93.00258
"Wild Finch & Songbird Blend Bird Feed","Animals & Pet Supplies","Pet Supplies",92.26106
"Wild Finch & Songbird Blend Bird Feed","Animals & Pet Supplies","Pet Supplies",92.26106
" AG-Food Plain Paratha 30pcs EDEM# had AG 2400g C LAIN PARATHA Was:$7.99 fo e TO: 30 pne 1 ohe Kun oo o 598 98 ea","Food, Beverages & Tobacco","Food Items",89.377365
"PEDIGREE","Animals & Pet Supplies","Pet Supplies",88.82296
" w Di Go Thol FOOD MART Wonder OMRCh # 31193695.0718 0718 6161343-9554 For Eastern.Bi Spice Bun Available la Stock wwwwonderfoedmart.ca SDecial Effectivo Anr 2021 n Anr 2202.1","Food, Beverages & Tobacco","Food Items",86.244
" Sanford New Zealand Greenshell'Mussels' 800g 84YO Was: $11.99 88 MU115 T 8 ea Ocean Food Fish Cakes 300g","Food, Beverages & Tobacco","Food Items",85.934875
"15% OFF
Frozen Plant-Based Foods
• Great source of vegan protein
• Select Varieties
","Food, Beverages & Tobacco","Food Items",85.831184
" Appleton Foods Bone Salted Alaskan Pollock 284g AALETCN FOODR 00N383 MALT ALNHAN OAYK 0039 11 ALAOXA D BSOSSCE AD oS 19 Pk","Food, Beverages & Tobacco","Food Items",83.43772
" San Miguel Pure Foods Halal corned BeefWith Natural Juices 340a Reg:$7.99 PURE F000 COPNED Save: S1OO PURE F000S COANED BOELIF SALE S 699 BOu SAL BLEEF ea","Food, Beverages & Tobacco","Food Items",82.3731
"EVERYDAY ESSENTIALS™ FOOD PREPARATION STATION","Animals & Pet Supplies",,82.28534
"EVERYDAY ESSENTIALS™ FOOD PREPARATION STATION","Animals & Pet Supplies",,82.28534
" Appleton Foods Fajita Vegetable / Colifornia Style vegetable 15KG Reg: $5.99. la MTOM A / ny4ws Hoos he CALISONNSIN Detmeed a lses 144 ALE Saver $202 O $397 97 ea","Food, Beverages & Tobacco","Food Items",82.04883
"M&M FOOD MARKET Entrées","Food, Beverages & Tobacco","Food Items",82.04749
" Chin-Su Foods Soy Sauce 500ml CIWS CIN SU Tam Thai CA NISY CA- Ti Tam Thai Ti -NLT 2/$ 3 00","Food, Beverages & Tobacco","Food Items",81.03104
"ARM & HAMMER CAT LITTER","Animals & Pet Supplies","Pet Supplies",76.78662
"ARM & HAMMER CAT LITTER","Animals & Pet Supplies","Pet Supplies",76.78662
"M&M FOOD MARKET Dessert Bar Variety Pack","Food, Beverages & Tobacco","Food Items",76.63771
" i Clo Thal FOOD MART WOnder Our 7x95.0718 Ranch e ax461343.556 0A wwwwondorfoodmart.ca Special Effective: Apr. 09 2021 to Apr. 15.2021","Food, Beverages & Tobacco","Food Items",76.58433
"FOODS","Food, Beverages & Tobacco","Food Items",76.10256
